Name,FSL__KML__c,FSL__Color__c,FSL__Service_Territory__c
Clearwater,"<?xml version=""1.0"" encoding=""utf-8""?>
<kml xmlns=""http://www.opengis.net/kml/2.2"">
  <Style id=""myPolygonStyle"">
    <LineStyle>
      <width>1</width>
    </LineStyle>
    <PolyStyle>
      <color>#ffffff</color>
    </PolyStyle>
  </Style>
  <Placemark>
    <name>myPolygon</name>
    <styleUrl>#myPolygonStyle</styleUrl>
    <Polygon>
      <outerBoundaryIs>
        <LinearRing>
          <tessellate>1</tessellate>
          <coordinates>
              -82.7139145,27.9398665,0
              -82.7166615,27.9489655,0
              -82.6998388,27.9519985,0
              -82.684046,27.9704955,0
              -82.689883,27.9759535,0
              -82.6723733,28.0008125,0
              -82.6667304,27.9988435,0
              -82.6598757,27.9938036,0
              -82.6505738,27.9978196,0
              -82.6475699,28.0024426,0
              -82.6480849,28.0104746,0
              -82.6496139,28.0320626,0
              -82.6569808,28.0342556,0
              -82.6672516,28.0371255,0
              -82.6737194,28.0474125,0
              -82.6651967,28.0493506,0
              -82.6603678,28.0484116,0
              -82.6575369,28.0496426,0
              -82.6544359,28.0534686,0
              -82.6520328,28.0542646,0
              -82.648428,28.0538476,0
              -82.648583,28.0540416,0
              -82.648546,28.0574166,0
              -82.6488259,28.0576736,0
              -82.6505489,28.0576556,0
              -82.6507079,28.0577146,0
              -82.6510589,28.0592116,0
              -82.651263,28.0848116,0
              -82.651985,28.0852496,0
              -82.65211,28.0917436,0
              -82.651247,28.0918216,0
              -82.6519261,28.1218616,0
              -82.6960634,28.1219955,0
              -82.7425609,28.1232669,0
              -82.7798323,28.1129111,0
              -82.827553,28.0977692,0
              -82.8333899,28.0920148,0
              -82.8460916,28.0692972,0
              -82.8529583,28.0429391,0
              -82.8467787,28.0002062,0
              -82.8478089,27.9829269,0
              -82.8577402,27.9577749,0
              -82.8539373,27.9326228,0
              -82.851824,27.8823186,0
              -82.8385237,27.8929356,0
              -82.8254929,27.91833,0
              -82.8210294,27.9198473,0
              -82.796826,27.9254593,0
              -82.7760553,27.9257653,0
              -82.7468739,27.9277344,0
              -82.7139145,27.9398665,0
            </coordinates>
        </LinearRing>
      </outerBoundaryIs>
    </Polygon>
  </Placemark>
</kml>",#ab71c6,0Hh4W000000oZZ7SAM
Brandon - South,"<?xml version=""1.0"" encoding=""utf-8""?>
<kml xmlns=""http://www.opengis.net/kml/2.2"">
  <Style id=""myPolygonStyle"">
    <LineStyle>
      <width>1</width>
    </LineStyle>
    <PolyStyle>
      <color>#ffffff</color>
    </PolyStyle>
  </Style>
  <Placemark>
    <name>myPolygon</name>
    <styleUrl>#myPolygonStyle</styleUrl>
    <Polygon>
      <outerBoundaryIs>
        <LinearRing>
          <tessellate>1</tessellate>
          <coordinates>
              -82.563287,27.645668,0
              -82.352831,27.647494,0
              -82.054827,27.648102,0
              -81.950296,27.64628,0
              -81.960626,27.704426,0
              -82.021868,27.704958,0
              -82.060663,27.704958,0
              -82.05723,27.851672,0
              -82.05723,27.878382,0
              -82.097055,27.876256,0
              -82.104608,27.888396,0
              -82.128298,27.887182,0
              -82.172586,27.886574,0
              -82.1719,27.937846,0
              -82.188207,27.93724,0
              -82.320043,27.937846,0
              -82.331201,27.94179,0
              -82.332746,27.927534,0
              -82.350256,27.89325,0
              -82.348367,27.857288,0
              -82.354204,27.856984,0
              -82.368967,27.857742,0
              -82.380297,27.857742,0
              -82.384416,27.860322,0
              -82.392828,27.855922,0
              -82.404501,27.852582,0
              -82.398493,27.822528,0
              -82.417719,27.814632,0
              -82.422869,27.796412,0
              -82.446558,27.774238,0
              -82.442781,27.769378,0
              -82.48707,27.743858,0
              -82.483293,27.727752,0
              -82.501489,27.722282,0
              -82.531702,27.70435,0
              -82.547838,27.679118,0
              -82.563287,27.645668,0
            </coordinates>
        </LinearRing>
      </outerBoundaryIs>
    </Polygon>
  </Placemark>
</kml>",#8914e8,0Hh4W000000oZZ7SAM
Bonita Springs,"<?xml version=""1.0"" encoding=""utf-8""?>
<kml xmlns=""http://www.opengis.net/kml/2.2"">
  <Style id=""myPolygonStyle"">
    <LineStyle>
      <width>1</width>
    </LineStyle>
    <PolyStyle>
      <color>#ffffff</color>
    </PolyStyle>
  </Style>
  <Placemark>
    <name>myPolygon</name>
    <styleUrl>#myPolygonStyle</styleUrl>
    <Polygon>
      <outerBoundaryIs>
        <LinearRing>
          <tessellate>1</tessellate>
          <coordinates>
              -81.8383596,26.2692496,0
              -81.6879844,26.2723276,0
              -81.6868624,26.1596596,0
              -81.6644665,26.1542056,0
              -81.5233623,26.1528176,0
              -81.3449002,26.1539156,0
              -81.2601007,26.1548216,0
              -81.2565007,26.1555856,0
              -81.2537387,26.1570436,0
              -81.2478687,26.1626176,0
              -81.2451007,26.1642876,0
              -81.2410668,26.1653176,0
              -81.0184939,26.1687336,0
              -80.8762597,26.1719657,0
              -80.8679197,26.1717697,0
              -80.8804937,26.3295737,0
              -80.9290745,26.3852556,0
              -80.9625563,26.3848576,0
              -80.9630683,26.4029256,0
              -80.9778262,26.4321476,0
              -81.0276079,26.4308416,0
              -81.0276079,26.4598136,0
              -81.1244234,26.4584296,0
              -81.1239084,26.4330696,0
              -81.1252604,26.4300296,0
              -81.1288014,26.4282176,0
              -81.1755351,26.4276936,0
              -81.2229129,26.4270756,0
              -81.2390928,26.4223876,0
              -81.2717506,26.4218876,0
              -81.3020075,26.4216176,0
              -81.3202614,26.4185456,0
              -81.3363693,26.4180076,0
              -81.3694431,26.4186176,0
              -81.4107009,26.4176716,0
              -81.4106539,26.4210656,0
              -81.4339558,26.4412916,0
              -81.4342648,26.4849076,0
              -81.5176973,26.5061376,0
              -81.5205333,26.4998796,0
              -81.5395452,26.4887596,0
              -81.5590061,26.4726736,0
              -81.5629731,26.4725876,0
              -81.5626291,26.4534556,0
              -81.5637881,26.4514816,0
              -81.5664061,26.4504676,0
              -81.578766,26.4503236,0
              -81.6886714,26.4490556,0
              -81.6941644,26.4524376,0
              -81.7743299,26.4485936,0
              -81.7823979,26.4475176,0
              -81.7885779,26.4484416,0
              -81.8036838,26.4479796,0
              -81.8112368,26.4487476,0
              -81.8160437,26.4467496,0
              -81.8582715,26.4193896,0
              -81.8658235,26.4052456,0
              -81.8802434,26.4070896,0
              -81.8826464,26.4000176,0
              -81.8929463,26.3966336,0
              -81.8677125,26.3646476,0
              -81.8445376,26.3123416,0
              -81.8383596,26.2692496,0
            </coordinates>
        </LinearRing>
      </outerBoundaryIs>
    </Polygon>
  </Placemark>
</kml>",#fff375,0Hh4W000000oZZ7SAM
Crystal RiverÂ ,"<?xml version=""1.0"" encoding=""utf-8""?>
<kml xmlns=""http://www.opengis.net/kml/2.2"">
  <Style id=""myPolygonStyle"">
    <LineStyle>
      <width>1</width>
    </LineStyle>
    <PolyStyle>
      <color>#ffffff</color>
    </PolyStyle>
  </Style>
  <Placemark>
    <name>myPolygon</name>
    <styleUrl>#myPolygonStyle</styleUrl>
    <Polygon>
      <outerBoundaryIs>
        <LinearRing>
          <tessellate>1</tessellate>
          <coordinates>
              -82.5670868,29.0323069,0
              -82.5661965,29.0358094,0
              -82.5565832,29.0388114,0
              -82.547657,29.0340084,0
              -82.5201905,29.0670234,0
              -82.5291166,29.0832264,0
              -82.548344,29.0940274,0
              -82.5641363,29.1306214,0
              -82.6774342,29.1875875,0
              -82.7408441,29.2918005,0
              -82.9931347,29.1738237,0
              -82.9835077,29.1054077,0
              -83.0459547,29.0723798,0
              -82.8339731,28.9980616,0
              -82.754296,28.7409325,0
              -82.7285905,28.4306804,0
              -82.6093238,28.4393395,0
              -82.5628497,28.4440393,0
              -82.5055585,28.4384925,0
              -82.4687708,28.4331664,0
              -82.4441434,28.4358123,0
              -82.4189551,28.434333,0
              -82.3836558,28.4342295,0
              -82.3571121,28.4320113,0
              -82.3470698,28.4335733,0
              -82.4605686,28.1936903,0
              -82.4313643,28.1842287,0
              -82.3986445,28.1879569,0
              -82.378224,28.189779,0
              -82.3443977,28.1872997,0
              -82.3258599,28.200706,0
              -82.2878406,28.2119234,0
              -82.2696571,28.2159366,0
              -82.2576605,28.2163101,0
              -82.253038,28.2206151,0
              -82.2375237,28.220633,0
              -82.2225485,28.230484,0
              -82.1919039,28.2296088,0
              -82.1462203,28.2497789,0
              -82.0929533,28.264461,0
              -82.0501137,28.2499718,0
              -82.0501136,28.3018958,0
              -81.9995346,28.3013598,0
              -82.0112435,28.4130636,0
              -82.015641,28.4871647,0
              -82.0228226,28.5653577,0
              -82.049707,28.5566798,0
              -82.0819817,28.5558868,0
              -82.0860057,28.5491848,0
              -82.0867318,28.5326798,0
              -82.1026791,28.5129578,0
              -82.1158763,28.5093729,0
              -82.165273,28.5091109,0
              -82.1986076,28.512993,0
              -82.2033278,28.520009,0
              -82.2171578,28.524533,0
              -82.2319412,28.524669,0
              -82.2308262,28.564919,0
              -82.218899,28.5741,0
              -82.222181,28.589298,0
              -82.222373,28.595753,0
              -82.228551,28.597439,0
              -82.234236,28.608127,0
              -82.2439142,28.621905,0
              -82.2560405,28.6333461,0
              -82.2565195,28.6340851,0
              -82.2580675,28.6388431,0
              -82.2581575,28.6393821,0
              -82.2571925,28.6474901,0
              -82.2669906,28.6484211,0
              -82.2682916,28.6487871,0
              -82.2738548,28.6516661,0
              -82.2748758,28.6520951,0
              -82.2760038,28.6521651,0
              -82.2773079,28.6519271,0
              -82.2782598,28.6516571,0
              -82.2862249,28.6467391,0
              -82.2873749,28.6464081,0
              -82.2967001,28.6463401,0
              -82.3033283,28.6425051,0
              -82.3112444,28.6424351,0
              -82.3230957,28.6383932,0
              -82.3257097,28.6379662,0
              -82.3275087,28.6379152,0
              -82.3298628,28.6384542,0
              -82.3304497,28.6385542,0
              -82.340679,28.6383002,0
              -82.341837,28.6374702,0
              -82.342416,28.6363962,0
              -82.342395,28.6352462,0
              -82.342566,28.6348292,0
              -82.343209,28.6344462,0
              -82.3547082,28.6343392,0
              -82.3547042,28.6361962,0
              -82.3634984,28.6362452,0
              -82.3645254,28.6359862,0
              -82.3668533,28.6339812,0
              -82.3681244,28.6314532,0
              -82.3686654,28.6309972,0
              -82.3693255,28.6308142,0
              -82.3752476,28.6305742,0
              -82.3864047,28.6304852,0
              -82.3879338,28.6311302,0
              -82.3909528,28.6311482,0
              -82.3941869,28.6304312,0
              -82.4102352,28.6304433,0
              -82.4121322,28.6291403,0
              -82.4132292,28.6290873,0
              -82.4168994,28.6304653,0
              -82.4178493,28.6305283,0
              -82.4211623,28.6383003,0
              -82.4421907,28.6521623,0
              -82.4419756,28.6714793,0
              -82.4430267,28.6738803,0
              -82.4454517,28.6757533,0
              -82.4463527,28.6780693,0
              -82.4465007,28.6997093,0
              -82.4446585,28.7899733,0
              -82.4755581,28.7990004,0
              -82.4844842,28.8519384,0
              -82.5298039,28.9252854,0
              -82.5593455,29.0368206,0
              -82.5670868,29.0323069,0
            </coordinates>
        </LinearRing>
      </outerBoundaryIs>
      <innerBoundaryIs>
        <LinearRing>
          <tessellate>1</tessellate>
          <coordinates>
              -82.6073961,29.0087904,0
              -82.595036,29.0159964,0
              -82.5950383,29.0160024,0
              -82.6073961,29.0087904,0
            </coordinates>
        </LinearRing>
      </innerBoundaryIs>
      <innerBoundaryIs>
        <LinearRing>
          <tessellate>1</tessellate>
          <coordinates>
              -82.5749572,29.0277171,0
              -82.5689434,29.0250024,0
              -82.5670868,29.0323069,0
              -82.5749572,29.0277171,0
            </coordinates>
        </LinearRing>
      </innerBoundaryIs>
      <innerBoundaryIs>
        <LinearRing>
          <tessellate>1</tessellate>
          <coordinates>
              -82.5902298,29.0346094,0
              -82.597783,29.0232014,0
              -82.5950383,29.0160024,0
              -82.5749572,29.0277171,0
              -82.5902298,29.0346094,0
            </coordinates>
        </LinearRing>
      </innerBoundaryIs>
    </Polygon>
  </Placemark>
</kml>",#b75800,0Hh4W000000oZZ7SAM
Crystal River - West,"<?xml version=""1.0"" encoding=""utf-8""?>
<kml xmlns=""http://www.opengis.net/kml/2.2"">
  <Style id=""myPolygonStyle"">
    <LineStyle>
      <width>1</width>
    </LineStyle>
    <PolyStyle>
      <color>#ffffff</color>
    </PolyStyle>
  </Style>
  <Placemark>
    <name>myPolygon</name>
    <styleUrl>#myPolygonStyle</styleUrl>
    <Polygon>
      <outerBoundaryIs>
        <LinearRing>
          <tessellate>1</tessellate>
          <coordinates>
              -82.4616186,28.2051689,0
              -82.4439856,28.2296439,0
              -82.4332097,28.2601641,0
              -82.4061398,28.3187765,0
              -82.3491585,28.4311403,0
              -82.3446903,28.4317413,0
              -82.3595392,28.4301793,0
              -82.3703456,28.4295712,0
              -82.3860823,28.4323975,0
              -82.3967753,28.4315418,0
              -82.4088413,28.4306852,0
              -82.4448152,28.4340067,0
              -82.4711959,28.4313343,0
              -82.5079828,28.4366603,0
              -82.5297765,28.4384674,0
              -82.5541079,28.441599,0
              -82.5799828,28.4417294,0
              -82.7310109,28.428848,0
              -82.7669045,28.3418891,0
              -82.762785,28.3165042,0
              -82.7979652,28.17885,0
              -82.8236959,28.099062,0
              -82.7387028,28.1245595,0
              -82.6925424,28.1238992,0
              -82.6643529,28.124296,0
              -82.6480669,28.123154,0
              -82.6493914,28.1452072,0
              -82.6354724,28.1404312,0
              -82.6198853,28.1410516,0
              -82.6022375,28.1453028,0
              -82.5794384,28.1507624,0
              -82.5614434,28.1580352,0
              -82.5473294,28.1599132,0
              -82.5330548,28.1579316,0
              -82.5137359,28.1753474,0
              -82.5006072,28.1815106,0
              -82.4639807,28.1918865,0
              -82.4616186,28.2051689,0
            </coordinates>
        </LinearRing>
      </outerBoundaryIs>
    </Polygon>
  </Placemark>
</kml>",#38f7ca,0Hh4W000000oZZ7SAM
Ft. Myers - Central,"<?xml version=""1.0"" encoding=""utf-8""?>
<kml xmlns=""http://www.opengis.net/kml/2.2"">
  <Style id=""myPolygonStyle"">
    <LineStyle>
      <width>1</width>
    </LineStyle>
    <PolyStyle>
      <color>#ffffff</color>
    </PolyStyle>
  </Style>
  <Placemark>
    <name>myPolygon</name>
    <styleUrl>#myPolygonStyle</styleUrl>
    <Polygon>
      <outerBoundaryIs>
        <LinearRing>
          <tessellate>1</tessellate>
          <coordinates>
              -81.8116599,26.4502257,0
              -81.8068528,26.4522237,0
              -81.7992996,26.4514547,0
              -81.7841932,26.4519167,0
              -81.778013,26.4509937,0
              -81.7699449,26.4520697,0
              -81.732007,26.4537607,0
              -81.6897769,26.4559128,0
              -81.6842838,26.4525308,0
              -81.5743752,26.4537988,0
              -81.5620148,26.4539438,0
              -81.5593967,26.4549568,0
              -81.5582377,26.4569308,0
              -81.5585817,26.4760628,0
              -81.5546147,26.4761498,0
              -81.5351533,26.4922359,0
              -81.5161408,26.5033549,0
              -81.5133046,26.5096139,0
              -81.5594827,26.5212108,0
              -81.6244364,26.5377598,0
              -81.6263034,26.5385288,0
              -81.6281375,26.5401028,0
              -81.6289695,26.5410048,0
              -81.6322176,26.5472528,0
              -81.6327196,26.5480118,0
              -81.6420539,26.5551518,0
              -81.6569892,26.5620618,0
              -81.6576752,26.6160978,0
              -81.7560396,26.6150227,0
              -81.7634219,26.6213157,0
              -81.7684,26.6168647,0
              -81.7721761,26.6156367,0
              -81.807196,26.6153297,0
              -81.807025,26.6406507,0
              -81.8162942,26.6434127,0
              -81.8200712,26.6438727,0
              -81.8219592,26.6474017,0
              -81.8235043,26.6506237,0
              -81.8295985,26.6883607,0
              -81.8820428,26.6489356,0
              -81.9005822,26.6179386,0
              -81.9077924,26.5863196,0
              -81.9331988,26.5534626,0
              -81.9211826,26.5473206,0
              -81.9150024,26.5414846,0
              -81.9153454,26.5224396,0
              -81.8758625,26.5236686,0
              -81.8717425,26.5288906,0
              -81.8676222,26.5291986,0
              -81.8490828,26.5021626,0
              -81.8384395,26.4920237,0
              -81.8305423,26.4735847,0
              -81.8116599,26.4502257,0
            </coordinates>
        </LinearRing>
      </outerBoundaryIs>
    </Polygon>
  </Placemark>
</kml>",#99ea81,0Hh4W000000oZZ7SAM
Ft. Myers - East,"<?xml version=""1.0"" encoding=""utf-8""?>
<kml xmlns=""http://www.opengis.net/kml/2.2"">
  <Style id=""myPolygonStyle"">
    <LineStyle>
      <width>1</width>
    </LineStyle>
    <PolyStyle>
      <color>#ffffff</color>
    </PolyStyle>
  </Style>
  <Placemark>
    <name>myPolygon</name>
    <styleUrl>#myPolygonStyle</styleUrl>
    <Polygon>
      <outerBoundaryIs>
        <LinearRing>
          <tessellate>1</tessellate>
          <coordinates>
              -81.567128,26.857162,0
              -81.565392,26.768923,0
              -81.759026,26.770149,0
              -81.760399,26.717414,0
              -81.765549,26.715574,0
              -81.774132,26.703614,0
              -81.794732,26.697173,0
              -81.806748,26.698399,0
              -81.819451,26.693799,0
              -81.833956,26.68567,0
              -81.827862,26.647933,0
              -81.824429,26.641182,0
              -81.811383,26.63796,0
              -81.811554,26.612639,0
              -81.776535,26.612946,0
              -81.772759,26.614174,0
              -81.767781,26.618625,0
              -81.760399,26.612332,0
              -81.662037,26.613407,0
              -81.661351,26.559371,0
              -81.646416,26.552461,0
              -81.637082,26.545321,0
              -81.63658,26.544562,0
              -81.633332,26.538314,0
              -81.630666,26.535838,0
              -81.628799,26.535069,0
              -81.563847,26.51852,0
              -81.51767,26.506923,0
              -81.434237,26.485692,0
              -81.433928,26.442077,0
              -81.410626,26.421851,0
              -81.410673,26.418457,0
              -81.369415,26.419403,0
              -81.33634,26.418793,0
              -81.320232,26.419331,0
              -81.301978,26.422403,0
              -81.271722,26.422672,0
              -81.239064,26.423172,0
              -81.222884,26.42786,0
              -81.128772,26.429003,0
              -81.125231,26.430814,0
              -81.123879,26.433855,0
              -81.124394,26.459215,0
              -81.126323,26.532841,0
              -81.128428,26.665614,0
              -81.226526,26.66444,0
              -81.226184,26.692618,0
              -81.258976,26.691651,0
              -81.260691,26.729981,0
              -81.264897,26.733969,0
              -81.274983,26.751599,0
              -81.271765,26.768157,0
              -81.35884,26.768632,0
              -81.377058,26.768473,0
              -81.383334,26.76433,0
              -81.390077,26.763945,0
              -81.409255,26.762026,0
              -81.408643,26.767494,0
              -81.408127,26.768785,0
              -81.407975,26.782211,0
              -81.427116,26.804694,0
              -81.42825,26.804708,0
              -81.433764,26.803849,0
              -81.434278,26.804081,0
              -81.435367,26.805413,0
              -81.442826,26.805509,0
              -81.442759,26.820098,0
              -81.467048,26.820168,0
              -81.467133,26.827526,0
              -81.483504,26.827552,0
              -81.483338,26.856442,0
              -81.525855,26.857018,0
              -81.567128,26.857162,0
            </coordinates>
        </LinearRing>
      </outerBoundaryIs>
    </Polygon>
  </Placemark>
</kml>",#7fbc1e,0Hh4W000000oZZ7SAM
Ft. Myers - North,"<?xml version=""1.0"" encoding=""utf-8""?>
<kml xmlns=""http://www.opengis.net/kml/2.2"">
  <Style id=""myPolygonStyle"">
    <LineStyle>
      <width>1</width>
    </LineStyle>
    <PolyStyle>
      <color>#ffffff</color>
    </PolyStyle>
  </Style>
  <Placemark>
    <name>myPolygon</name>
    <styleUrl>#myPolygonStyle</styleUrl>
    <Polygon>
      <outerBoundaryIs>
        <LinearRing>
          <tessellate>1</tessellate>
          <coordinates>
              -81.759224,26.770135,0
              -82.068901,26.768909,0
              -82.071648,26.751436,0
              -82.078171,26.736412,0
              -82.085724,26.722307,0
              -82.091217,26.707587,0
              -82.096367,26.695932,0
              -82.10804,26.692251,0
              -82.122459,26.699612,0
              -82.139282,26.707587,0
              -82.152672,26.71188,0
              -82.173271,26.712494,0
              -82.188377,26.703906,0
              -82.195244,26.697772,0
              -82.205887,26.692864,0
              -82.22271,26.691331,0
              -82.238502,26.698999,0
              -82.245712,26.7082,0
              -82.256699,26.710347,0
              -82.262878,26.699612,0
              -82.269745,26.672618,0
              -82.262192,26.657278,0
              -82.254982,26.627204,0
              -82.251892,26.614313,0
              -82.234726,26.608174,0
              -82.21653,26.610937,0
              -82.134476,26.575939,0
              -82.117996,26.528336,0
              -82.109756,26.499766,0
              -82.114906,26.486246,0
              -82.109413,26.478563,0
              -82.054825,26.487168,0
              -82.051048,26.49362,0
              -82.060318,26.511441,0
              -82.019806,26.52465,0
              -82.000236,26.528336,0
              -81.964874,26.533558,0
              -81.945648,26.536937,0
              -81.937752,26.550758,0
              -81.912346,26.583615,0
              -81.905136,26.615234,0
              -81.886597,26.646231,0
              -81.834154,26.685656,0
              -81.819649,26.693785,0
              -81.806946,26.698385,0
              -81.79493,26.697159,0
              -81.785316,26.699612,0
              -81.77433,26.7036,0
              -81.771584,26.7082,0
              -81.765747,26.71556,0
              -81.760597,26.7174,0
              -81.759224,26.770135,0
            </coordinates>
        </LinearRing>
      </outerBoundaryIs>
    </Polygon>
  </Placemark>
</kml>",#e8a67a,0Hh4W000000oZZ7SAM
Ft. Myers - South,"<?xml version=""1.0"" encoding=""utf-8""?>
<kml xmlns=""http://www.opengis.net/kml/2.2"">
  <Style id=""myPolygonStyle"">
    <LineStyle>
      <width>1</width>
    </LineStyle>
    <PolyStyle>
      <color>#ffffff</color>
    </PolyStyle>
  </Style>
  <Placemark>
    <name>myPolygon</name>
    <styleUrl>#myPolygonStyle</styleUrl>
    <Polygon>
      <outerBoundaryIs>
        <LinearRing>
          <tessellate>1</tessellate>
          <coordinates>
              -81.808328,26.07097,0
              -81.789101,25.985206,0
              -81.745156,25.875286,0
              -81.686103,25.820906,0
              -81.649024,25.848098,0
              -81.567999,25.817196,0
              -81.394962,25.729392,0
              -81.216433,25.473028,0
              -81.051637,25.614282,0
              -80.860747,25.614282,0
              -80.868086,26.173774,0
              -81.018661,26.170739,0
              -81.241239,26.167322,0
              -81.245273,26.166292,0
              -81.248041,26.164622,0
              -81.25391,26.159048,0
              -81.256672,26.157591,0
              -81.260272,26.156826,0
              -81.345073,26.155921,0
              -81.523539,26.154823,0
              -81.664645,26.15621,0
              -81.687041,26.161664,0
              -81.686103,26.109204,0
              -81.748589,26.107354,0
              -81.808328,26.07097,0
            </coordinates>
        </LinearRing>
      </outerBoundaryIs>
    </Polygon>
  </Placemark>
</kml>",#f9baa7,0Hh4W000000oZZ7SAM
Ft. Pierce - Southeast,"<?xml version=""1.0"" encoding=""utf-8""?>
<kml xmlns=""http://www.opengis.net/kml/2.2"">
  <Style id=""myPolygonStyle"">
    <LineStyle>
      <width>1</width>
    </LineStyle>
    <PolyStyle>
      <color>#ffffff</color>
    </PolyStyle>
  </Style>
  <Placemark>
    <name>myPolygon</name>
    <styleUrl>#myPolygonStyle</styleUrl>
    <Polygon>
      <outerBoundaryIs>
        <LinearRing>
          <tessellate>1</tessellate>
          <coordinates>
              -80.1862481,27.247037,0
              -80.1996381,27.289151,0
              -80.2404931,27.377598,0
              -80.2658991,27.437336,0
              -80.2923351,27.512877,0
              -80.3177411,27.585019,0
              -80.4124981,27.585627,0
              -80.6456141,27.559759,0
              -80.7633741,27.554357,0
              -80.6797141,27.161916,0
              -80.6754061,27.159065,0
              -80.6741051,27.162317,0
              -80.5523931,27.16215,0
              -80.4798931,27.161818,0
              -80.3888091,27.161617,0
              -80.3948371,27.177554,0
              -80.3983651,27.194687,0
              -80.3992671,27.206004,0
              -80.3299441,27.20571,0
              -80.3131061,27.204908,0
              -80.2909611,27.200175,0
              -80.2875291,27.200862,0
              -80.2840951,27.202885,0
              -80.2810051,27.206129,0
              -80.2700191,27.209564,0
              -80.2655981,27.209259,0
              -80.2637311,27.201472,0
              -80.2598051,27.200404,0
              -80.2533681,27.206434,0
              -80.2150871,27.211014,0
              -80.1725151,27.226279,0
              -80.1862481,27.247037,0
            </coordinates>
        </LinearRing>
      </outerBoundaryIs>
    </Polygon>
  </Placemark>
</kml>",#f9c2ae,0Hh4W000000oZZ7SAM
Harlem Heights,"<?xml version=""1.0"" encoding=""utf-8""?>
<kml xmlns=""http://www.opengis.net/kml/2.2"">
  <Style id=""myPolygonStyle"">
    <LineStyle>
      <width>1</width>
    </LineStyle>
    <PolyStyle>
      <color>#ffffff</color>
    </PolyStyle>
  </Style>
  <Placemark>
    <name>myPolygon</name>
    <styleUrl>#myPolygonStyle</styleUrl>
    <Polygon>
      <outerBoundaryIs>
        <LinearRing>
          <tessellate>1</tessellate>
          <coordinates>
              -81.8690427,26.5275285,0
              -81.8731628,26.5272205,0
              -81.8772828,26.5219985,0
              -81.9167652,26.5207695,0
              -81.9164222,26.5398145,0
              -81.9226023,26.5456505,0
              -81.9346184,26.5517925,0
              -81.9425145,26.5379715,0
              -82.0166733,26.5256845,0
              -82.0571857,26.5124755,0
              -82.0479156,26.4946545,0
              -82.0516927,26.4882025,0
              -82.1062813,26.4795975,0
              -82.1117743,26.4872805,0
              -82.1066243,26.5008005,0
              -82.1313445,26.5769735,0
              -82.2133994,26.6119715,0
              -82.2315956,26.6092085,0
              -82.2240415,26.5809645,0
              -82.2137414,26.5619265,0
              -82.2048163,26.5278355,0
              -82.1931432,26.4866655,0
              -82.1852461,26.4709925,0
              -82.1536608,26.4500925,0
              -82.1330605,26.4322625,0
              -82.0918621,26.4181195,0
              -82.0613058,26.4178125,0
              -82.0146133,26.4384115,0
              -82.0053432,26.4525515,0
              -82.0101502,26.4657685,0
              -81.988177,26.4746805,0
              -81.9692938,26.4676125,0
              -81.9682638,26.4556255,0
              -81.9383945,26.4430225,0
              -81.9153922,26.4258065,0
              -81.9081821,26.4107405,0
              -81.8899859,26.3984395,0
              -81.8796858,26.4018225,0
              -81.8772828,26.4088955,0
              -81.8628627,26.4070505,0
              -81.8553096,26.4211945,0
              -81.8130811,26.4485555,0
              -81.8319633,26.4719145,0
              -81.8398604,26.4903535,0
              -81.8505035,26.5004925,0
              -81.8690427,26.5275285,0
            </coordinates>
        </LinearRing>
      </outerBoundaryIs>
    </Polygon>
  </Placemark>
</kml>",#5c30b5,0Hh4W000000oZZ7SAM
Highlands - East,"<?xml version=""1.0"" encoding=""utf-8""?>
<kml xmlns=""http://www.opengis.net/kml/2.2"">
  <Style id=""myPolygonStyle"">
    <LineStyle>
      <width>1</width>
    </LineStyle>
    <PolyStyle>
      <color>#ffffff</color>
    </PolyStyle>
  </Style>
  <Placemark>
    <name>myPolygon</name>
    <styleUrl>#myPolygonStyle</styleUrl>
    <Polygon>
      <outerBoundaryIs>
        <LinearRing>
          <tessellate>1</tessellate>
          <coordinates>
              -81.092595,27.124605,0
              -81.093836,27.127121,0
              -81.095139,27.129727,0
              -81.0967,27.132867,0
              -81.097172,27.136548,0
              -81.095434,27.139399,0
              -81.093159,27.144369,0
              -81.093227,27.170085,0
              -81.093534,27.209586,0
              -81.093771,27.225004,0
              -81.078367,27.235079,0
              -81.075875,27.235612,0
              -80.987943,27.235506,0
              -80.981548,27.238283,0
              -80.995924,27.255947,0
              -80.997083,27.259266,0
              -81.01013,27.29863,0
              -81.034849,27.329134,0
              -81.032789,27.353532,0
              -81.123425,27.404291,0
              -81.139905,27.421968,0
              -81.141278,27.434766,0
              -81.170117,27.460359,0
              -81.201016,27.498128,0
              -81.207883,27.531621,0
              -81.19621,27.545016,0
              -81.158444,27.576061,0
              -81.130978,27.654547,0
              -81.149518,27.698329,0
              -81.168057,27.738597,0
              -81.200329,27.804212,0
              -81.314997,27.804819,0
              -81.327357,27.785382,0
              -81.378169,27.765941,0
              -81.438593,27.764726,0
              -81.468805,27.757435,0
              -81.496956,27.758042,0
              -81.501763,27.807856,0
              -81.537468,27.798745,0
              -81.550257,27.770042,0
              -81.593224,27.763852,0
              -81.557381,27.711853,0
              -81.561501,27.692399,0
              -81.510689,27.6255,0
              -81.512063,27.556125,0
              -81.470866,27.470867,0
              -81.473899,27.09743,0
              -81.10938,27.099202,0
              -81.110187,27.106581,0
              -81.110201,27.11156,0
              -81.109957,27.112338,0
              -81.109358,27.113056,0
              -81.108522,27.113507,0
              -81.107709,27.113925,0
              -81.107238,27.114535,0
              -81.106682,27.115298,0
              -81.107246,27.117623,0
              -81.106913,27.118837,0
              -81.106333,27.120004,0
              -81.105861,27.12161,0
              -81.091354,27.121653,0
              -81.092595,27.124605,0
            </coordinates>
        </LinearRing>
      </outerBoundaryIs>
    </Polygon>
  </Placemark>
</kml>",#efa08b,0Hh4W000000oZZ7SAM
Highlands - West,"<?xml version=""1.0"" encoding=""utf-8""?>
<kml xmlns=""http://www.opengis.net/kml/2.2"">
  <Style id=""myPolygonStyle"">
    <LineStyle>
      <width>1</width>
    </LineStyle>
    <PolyStyle>
      <color>#ffffff</color>
    </PolyStyle>
  </Style>
  <Placemark>
    <name>myPolygon</name>
    <styleUrl>#myPolygonStyle</styleUrl>
    <Polygon>
      <outerBoundaryIs>
        <LinearRing>
          <tessellate>1</tessellate>
          <coordinates>
              -81.5938874,27.7634321,0
              -81.6500616,27.7617441,0
              -81.7277813,27.7616151,0
              -81.801087,27.7616901,0
              -81.8095362,27.7618281,0
              -81.8094022,27.7508011,0
              -81.8162633,27.7508261,0
              -81.8172023,27.7504701,0
              -81.8206464,27.7476701,0
              -81.8222014,27.7471491,0
              -81.8869139,27.7471791,0
              -81.8871299,27.7327421,0
              -81.891356,27.7326661,0
              -81.9589155,27.7034571,0
              -81.9485863,27.6453121,0
              -81.9428321,27.6142791,0
              -81.9451082,27.5938591,0
              -81.93592,27.5938221,0
              -81.936011,27.5872401,0
              -81.937641,27.5828271,0
              -81.9189436,27.4812651,0
              -81.8700065,27.4814491,0
              -81.8885459,27.2243891,0
              -81.8997051,27.2176711,0
              -81.8997061,27.2046161,0
              -81.9059062,27.2046161,0
              -81.9095863,27.1993491,0
              -81.9193646,27.1893481,0
              -81.9192316,27.1837011,0
              -81.9200676,27.1827451,0
              -81.9221176,27.1826871,0
              -81.9228416,27.1822391,0
              -81.9231176,27.1812131,0
              -81.9262887,27.1791731,0
              -81.9316058,27.1792711,0
              -81.9325408,27.1787041,0
              -81.9326098,27.1684831,0
              -81.9261117,27.1687561,0
              -81.9273437,27.1483441,0
              -81.9226656,27.1216851,0
              -81.9138674,27.1209981,0
              -81.8681614,27.1065661,0
              -81.8271795,27.1063301,0
              -81.7949318,27.0975101,0
              -81.7957818,27.0691321,0
              -81.7685272,27.0299881,0
              -81.7610081,27.0164121,0
              -81.5694739,27.0156981,0
              -81.5677619,26.9439911,0
              -81.4885821,26.9439471,0
              -81.4883801,26.9731061,0
              -81.4917033,26.9772961,0
              -81.4912493,26.9868401,0
              -81.4879361,26.9892531,0
              -81.4880071,26.9954571,0
              -81.4593435,26.9959121,0
              -81.4557465,26.9991201,0
              -81.4551915,27.0594801,0
              -81.4745629,27.0974681,0
              -81.4710657,27.4716991,0
              -81.5122625,27.5569571,0
              -81.5108885,27.6263321,0
              -81.5617006,27.6932321,0
              -81.5575796,27.7126861,0
              -81.5938874,27.7634321,0
            </coordinates>
        </LinearRing>
      </outerBoundaryIs>
    </Polygon>
  </Placemark>
</kml>",#f9af84,0Hh4W000000oZZ7SAM
Lakeland - East,"<?xml version=""1.0"" encoding=""utf-8""?>
<kml xmlns=""http://www.opengis.net/kml/2.2"">
  <Style id=""myPolygonStyle"">
    <LineStyle>
      <width>1</width>
    </LineStyle>
    <PolyStyle>
      <color>#ffffff</color>
    </PolyStyle>
  </Style>
  <Placemark>
    <name>myPolygon</name>
    <styleUrl>#myPolygonStyle</styleUrl>
    <Polygon>
      <outerBoundaryIs>
        <LinearRing>
          <tessellate>1</tessellate>
          <coordinates>
              -81.6516656,27.8173141,0
              -81.6482125,27.7614081,0
              -81.592039,27.7630961,0
              -81.5490735,27.7694391,0
              -81.5363106,27.7984861,0
              -81.5006049,27.8075971,0
              -81.4957981,27.7577831,0
              -81.4676464,27.7571761,0
              -81.4374336,27.7644671,0
              -81.3770102,27.7656821,0
              -81.3261987,27.7851231,0
              -81.3138388,27.8045601,0
              -81.19917,27.8039532,0
              -81.2050619,27.8276982,0
              -81.2393385,27.8894062,0
              -81.2774192,27.9350912,0
              -81.30078,27.9485281,0
              -81.3316916,27.9514421,0
              -81.3433645,27.9556881,0
              -81.3509175,27.9641791,0
              -81.3728903,27.9787331,0
              -81.3793891,28.0032501,0
              -81.4466795,28.0429521,0
              -81.4566354,28.0393161,0
              -81.499894,28.0405281,0
              -81.5297626,28.0668871,0
              -81.5362857,28.1095941,0
              -81.5342267,28.1144391,0
              -81.5445256,28.1174671,0
              -81.5507055,28.1147421,0
              -81.5383456,28.1332111,0
              -81.5256428,28.1416881,0
              -81.5143138,28.1371471,0
              -81.4985211,28.1413861,0
              -81.501954,28.1495591,0
              -81.502297,28.1819441,0
              -81.5059019,28.2004021,0
              -81.5059019,28.2134121,0
              -81.509164,28.2182521,0
              -81.5503624,28.2306551,0
              -81.5568855,28.2357971,0
              -81.5644384,28.2401831,0
              -81.5671843,28.2351921,0
              -81.5754242,28.2306551,0
              -81.5786863,28.2271761,0
              -81.5869262,28.2223361,0
              -81.593105,28.2156811,0
              -81.59465,28.2117481,0
              -81.597568,28.2135631,0
              -81.59774,28.2174961,0
              -81.6140479,28.2182521,0
              -81.6209137,28.2212771,0
              -81.6276088,28.2262691,0
              -81.6367066,28.2247561,0
              -81.6384236,28.2227901,0
              -81.6418566,28.2220341,0
              -81.6476935,28.2312601,0
              -81.6443665,28.2338691,0
              -81.6549025,28.2430561,0
              -81.6567914,28.2530361,0
              -81.6645153,28.2504651,0
              -81.6763603,28.2550021,0
              -81.6974741,28.2577231,0
              -81.699878,28.2559091,0
              -81.702796,28.2565141,0
              -81.703654,28.2639231,0
              -81.700393,28.2678541,0
              -81.703397,28.2711801,0
              -81.7022811,28.2739771,0
              -81.704169,28.2775291,0
              -81.705972,28.2789651,0
              -81.704856,28.2825181,0
              -81.7079459,28.2867501,0
              -81.7076879,28.2893201,0
              -81.7096619,28.2916631,0
              -81.7121499,28.2891691,0
              -81.7138679,28.2884131,0
              -81.7150698,28.2893961,0
              -81.7204769,28.2890931,0
              -81.7223648,28.2972561,0
              -81.7264847,28.3020921,0
              -81.7285448,28.3074571,0
              -81.7342096,28.3039811,0
              -81.7354116,28.3044351,0
              -81.7397886,28.3144851,0
              -81.7395306,28.3162981,0
              -81.7405606,28.3169781,0
              -81.7404756,28.3227211,0
              -81.7434796,28.3237031,0
              -81.7460536,28.3293691,0
              -81.7494015,28.3331471,0
              -81.7557515,28.3442521,0
              -81.7579844,28.3454601,0
              -81.7628754,28.3416081,0
              -81.7692283,28.3419101,0
              -81.7857071,28.3476511,0
              -81.7913712,28.3508231,0
              -81.8157469,28.3594341,0
              -81.8305107,28.3332981,0
              -81.8317546,28.3252521,0
              -81.8205779,28.1568631,0
              -81.804785,28.1556521,0
              -81.7876191,28.1574681,0
              -81.7732004,28.1641271,0
              -81.7608404,28.1520201,0
              -81.7333757,28.1441491,0
              -81.7251358,28.0957021,0
              -81.7326877,28.0732881,0
              -81.7299418,28.0538991,0
              -81.7333757,28.0466271,0
              -81.7285678,28.0017731,0
              -81.7361217,27.9938921,0
              -81.6537245,27.8998741,0
              -81.6516656,27.8173141,0
            </coordinates>
        </LinearRing>
      </outerBoundaryIs>
    </Polygon>
  </Placemark>
</kml>",#efa7ad,0Hh4W000000oZZ7SAM
Lakeland - North,"<?xml version=""1.0"" encoding=""utf-8""?>
<kml xmlns=""http://www.opengis.net/kml/2.2"">
  <Style id=""myPolygonStyle"">
    <LineStyle>
      <width>1</width>
    </LineStyle>
    <PolyStyle>
      <color>#ffffff</color>
    </PolyStyle>
  </Style>
  <Placemark>
    <name>myPolygon</name>
    <styleUrl>#myPolygonStyle</styleUrl>
    <Polygon>
      <outerBoundaryIs>
        <LinearRing>
          <tessellate>1</tessellate>
          <coordinates>
              -81.8419612,28.1566488,0
              -81.831662,28.1590708,0
              -81.8179288,28.1602828,0
              -81.8186138,28.1857048,0
              -81.8291278,28.3287108,0
              -81.8374331,28.3289928,0
              -81.8386191,28.3286388,0
              -81.8400191,28.3285868,0
              -81.8445571,28.3271988,0
              -81.8452432,28.3271708,0
              -81.8459302,28.3277468,0
              -81.8507153,28.3269348,0
              -81.8561225,28.3209288,0
              -81.8617015,28.3215898,0
              -81.8683107,28.3236198,0
              -81.8702848,28.3231568,0
              -81.8754349,28.3187748,0
              -81.884705,28.3146948,0
              -81.9020435,28.3107648,0
              -81.9083947,28.3080448,0
              -81.9135447,28.3051728,0
              -81.92333,28.3062308,0
              -81.9504526,28.3024528,0
              -81.9999347,28.3019669,0
              -82.0507909,28.3023699,0
              -82.0507911,28.2504459,0
              -82.0711334,28.261717,0
              -82.0929533,28.264461,0
              -82.1152524,28.261337,0
              -82.1785318,28.235248,0
              -82.185549,28.232337,0
              -82.1919039,28.2296088,0
              -82.1931871,28.200836,0
              -82.182202,28.049289,0
              -82.1820301,27.981698,0
              -82.1396291,27.982456,0
              -82.050464,27.9822929,0
              -81.9556288,27.9767818,0
              -81.9527098,27.9847868,0
              -81.9519348,28.0136458,0
              -81.9030747,28.0150448,0
              -81.9034177,28.0464108,0
              -81.9032466,28.0836668,0
              -81.9006716,28.0866918,0
              -81.9018736,28.1169768,0
              -81.9034196,28.1200068,0
              -81.8944914,28.1424228,0
              -81.8419612,28.1566488,0
            </coordinates>
        </LinearRing>
      </outerBoundaryIs>
    </Polygon>
  </Placemark>
</kml>",#28ff7a,0Hh4W000000oZZ7SAM
Lakeland - South,"<?xml version=""1.0"" encoding=""utf-8""?>
<kml xmlns=""http://www.opengis.net/kml/2.2"">
  <Style id=""myPolygonStyle"">
    <LineStyle>
      <width>1</width>
    </LineStyle>
    <PolyStyle>
      <color>#ffffff</color>
    </PolyStyle>
  </Style>
  <Placemark>
    <name>myPolygon</name>
    <styleUrl>#myPolygonStyle</styleUrl>
    <Polygon>
      <outerBoundaryIs>
        <LinearRing>
          <tessellate>1</tessellate>
          <coordinates>
              -82.0201497,27.704808,0
              -81.9589087,27.704276,0
              -81.8913487,27.733485,0
              -81.8871217,27.733561,0
              -81.8869057,27.747998,0
              -81.8221937,27.747968,0
              -81.8206387,27.748489,0
              -81.8171947,27.751289,0
              -81.8162557,27.751645,0
              -81.8093947,27.75162,0
              -81.8095287,27.762647,0
              -81.7277737,27.762434,0
              -81.6500517,27.762563,0
              -81.6534807,27.81843,0
              -81.6555407,27.90099,0
              -81.7379377,27.995008,0
              -81.7303847,28.002889,0
              -81.7351917,28.047743,0
              -81.7317577,28.055015,0
              -81.7345047,28.074404,0
              -81.7283247,28.077433,0
              -81.7269517,28.096818,0
              -81.7351917,28.145265,0
              -81.7626567,28.153136,0
              -81.7750167,28.165243,0
              -81.7894367,28.158584,0
              -81.8066027,28.156768,0
              -81.8223957,28.157979,0
              -81.8361287,28.156768,0
              -81.8989567,28.140119,0
              -81.9078847,28.117703,0
              -81.9063387,28.114673,0
              -81.9051367,28.084388,0
              -81.9077117,28.081363,0
              -81.9075397,28.012741,0
              -81.9563987,28.011342,0
              -81.9571737,27.982483,0
              -81.9600927,27.974478,0
              -82.0549257,27.979989,0
              -82.1864887,27.979394,0
              -82.1864887,27.93709,0
              -82.1701817,27.937697,0
              -82.1708677,27.886425,0
              -82.1028897,27.888246,0
              -82.0953367,27.876107,0
              -82.0555117,27.878232,0
              -82.0589447,27.704808,0
              -82.0201497,27.704808,0
            </coordinates>
        </LinearRing>
      </outerBoundaryIs>
    </Polygon>
  </Placemark>
</kml>",#dd7b4d,0Hh4W000000oZZ7SAM
Naples,"<?xml version=""1.0"" encoding=""utf-8""?>
<kml xmlns=""http://www.opengis.net/kml/2.2"">
  <Style id=""myPolygonStyle"">
    <LineStyle>
      <width>1</width>
    </LineStyle>
    <PolyStyle>
      <color>#ffffff</color>
    </PolyStyle>
  </Style>
  <Placemark>
    <name>myPolygon</name>
    <styleUrl>#myPolygonStyle</styleUrl>
    <Polygon>
      <outerBoundaryIs>
        <LinearRing>
          <tessellate>1</tessellate>
          <coordinates>
              -81.838532,26.27002,0
              -81.819992,26.103654,0
              -81.808319,26.069736,0
              -81.748581,26.106121,0
              -81.686096,26.107971,0
              -81.688156,26.228143,0
              -81.688156,26.273098,0
              -81.838532,26.27002,0
            </coordinates>
        </LinearRing>
      </outerBoundaryIs>
    </Polygon>
  </Placemark>
</kml>",#c62540,0Hh4W000000oZZ7SAM
Port Charlotte,"<?xml version=""1.0"" encoding=""utf-8""?>
<kml xmlns=""http://www.opengis.net/kml/2.2"">
  <Style id=""myPolygonStyle"">
    <LineStyle>
      <width>1</width>
    </LineStyle>
    <PolyStyle>
      <color>#ffffff</color>
    </PolyStyle>
  </Style>
  <Placemark>
    <name>myPolygon</name>
    <styleUrl>#myPolygonStyle</styleUrl>
    <Polygon>
      <outerBoundaryIs>
        <LinearRing>
          <tessellate>1</tessellate>
          <coordinates>
              -82.2948053,26.996736,0
              -82.3854673,26.974674,0
              -82.4084693,26.963811,0
              -82.3830633,26.910862,0
              -82.3418653,26.848085,0
              -82.3243563,26.817144,0
              -82.2992943,26.774852,0
              -82.2742313,26.715988,0
              -82.2546753,26.713237,0
              -82.2378563,26.729185,0
              -82.2328743,26.751873,0
              -82.1715793,26.759833,0
              -82.1358733,26.788032,0
              -82.1482333,26.859724,0
              -82.1660863,26.898922,0
              -82.1653993,26.913005,0
              -82.1382763,26.919127,0
              -82.1063483,26.947899,0
              -82.0864363,26.938105,0
              -82.1036023,26.9078,0
              -82.1008553,26.888817,0
              -82.0727033,26.869525,0
              -82.0692703,26.840733,0
              -82.0689013,26.767685,0
              -81.7592273,26.768911,0
              -81.5656193,26.767803,0
              -81.5670313,26.849568,0
              -81.5681013,26.943586,0
              -81.5698133,27.015293,0
              -81.7613473,27.016007,0
              -81.7688653,27.029583,0
              -82.0616913,27.030382,0
              -82.2515473,27.032216,0
              -82.2731763,27.017842,0
              -82.2948053,26.996736,0
            </coordinates>
        </LinearRing>
      </outerBoundaryIs>
    </Polygon>
  </Placemark>
</kml>",#ccdaff,0Hh4W000000oZZ7SAM
Sarasota - Central,"<?xml version=""1.0"" encoding=""utf-8""?>
<kml xmlns=""http://www.opengis.net/kml/2.2"">
  <Style id=""myPolygonStyle"">
    <LineStyle>
      <width>1</width>
    </LineStyle>
    <PolyStyle>
      <color>#ffffff</color>
    </PolyStyle>
  </Style>
  <Placemark>
    <name>myPolygon</name>
    <styleUrl>#myPolygonStyle</styleUrl>
    <Polygon>
      <outerBoundaryIs>
        <LinearRing>
          <tessellate>1</tessellate>
          <coordinates>
              -82.3052831,27.4740346,0
              -82.3969064,27.4750626,0
              -82.4006184,27.4765096,0
              -82.4036334,27.4808496,0
              -82.4062184,27.4826776,0
              -82.4094374,27.4837426,0
              -82.4202734,27.4839356,0
              -82.4252195,27.4846026,0
              -82.4575885,27.4856856,0
              -82.4674166,27.4902536,0
              -82.4706346,27.4906336,0
              -82.4756566,27.4998846,0
              -82.4976287,27.5102386,0
              -82.5051827,27.5236356,0
              -82.5113607,27.5151096,0
              -82.5484388,27.5035386,0
              -82.5903249,27.5071926,0
              -82.6521231,27.5315506,0
              -82.6830222,27.5260706,0
              -82.7393273,27.5546866,0
              -82.7585534,27.5400746,0
              -82.7262803,27.4919666,0
              -82.7132342,27.4444466,0
              -82.6837082,27.4158026,0
              -82.6528091,27.3767856,0
              -82.628777,27.3908086,0
              -82.5765479,27.3626846,0
              -82.5659698,27.3810536,0
              -82.5552198,27.3809246,0
              -82.5532128,27.3813976,0
              -82.5438688,27.3814506,0
              -82.5426888,27.3817476,0
              -82.5389508,27.3842686,0
              -82.5355868,27.3877166,0
              -82.5344068,27.3883896,0
              -82.5326688,27.3884746,0
              -82.5302427,27.3882746,0
              -82.5230177,27.3881796,0
              -82.5194287,27.3884276,0
              -82.5036367,27.3882176,0
              -82.4996887,27.3879896,0
              -82.4596275,27.3878496,0
              -82.4551005,27.3882396,0
              -82.4472465,27.3881036,0
              -82.3026211,27.3865406,0
              -82.3012491,27.4657716,0
              -82.3052831,27.4740346,0
            </coordinates>
        </LinearRing>
      </outerBoundaryIs>
    </Polygon>
  </Placemark>
</kml>",#745ac4,0Hh4W000000oZZ7SAM
Sarasota - Central South,"<?xml version=""1.0"" encoding=""utf-8""?>
<kml xmlns=""http://www.opengis.net/kml/2.2"">
  <Style id=""myPolygonStyle"">
    <LineStyle>
      <width>1</width>
    </LineStyle>
    <PolyStyle>
      <color>#ffffff</color>
    </PolyStyle>
  </Style>
  <Placemark>
    <name>myPolygon</name>
    <styleUrl>#myPolygonStyle</styleUrl>
    <Polygon>
      <outerBoundaryIs>
        <LinearRing>
          <tessellate>1</tessellate>
          <coordinates>
              -82.577704,27.362315,0
              -82.562598,27.307495,0
              -82.548179,27.309935,0
              -82.44793,27.307799,0
              -82.444498,27.361171,0
              -82.44836,27.387735,0
              -82.456214,27.387871,0
              -82.46074,27.387481,0
              -82.500801,27.387621,0
              -82.504748,27.387849,0
              -82.520541,27.388059,0
              -82.524168,27.387811,0
              -82.531356,27.387905,0
              -82.533781,27.388105,0
              -82.535519,27.388021,0
              -82.536699,27.387347,0
              -82.540062,27.383899,0
              -82.543801,27.381379,0
              -82.544982,27.381081,0
              -82.554326,27.381029,0
              -82.556376,27.380555,0
              -82.567126,27.380685,0
              -82.577704,27.362315,0
            </coordinates>
        </LinearRing>
      </outerBoundaryIs>
    </Polygon>
  </Placemark>
</kml>",#5b6cc1,0Hh4W000000oZZ7SAM
Sarasota - North,"<?xml version=""1.0"" encoding=""utf-8""?>
<kml xmlns=""http://www.opengis.net/kml/2.2"">
  <Style id=""myPolygonStyle"">
    <LineStyle>
      <width>1</width>
    </LineStyle>
    <PolyStyle>
      <color>#ffffff</color>
    </PolyStyle>
  </Style>
  <Placemark>
    <name>myPolygon</name>
    <styleUrl>#myPolygonStyle</styleUrl>
    <Polygon>
      <outerBoundaryIs>
        <LinearRing>
          <tessellate>1</tessellate>
          <coordinates>
              -82.0488962,27.6491297,0
              -82.5573621,27.6466963,0
              -82.6009648,27.6068483,0
              -82.6455965,27.5478104,0
              -82.6490305,27.5331974,0
              -82.5872327,27.5088393,0
              -82.5453452,27.5051853,0
              -82.5082666,27.5167563,0
              -82.5020875,27.5252823,0
              -82.4945335,27.5118852,0
              -82.4725611,27.5015312,0
              -82.4675391,27.4922802,0
              -82.4643211,27.4919002,0
              -82.4544929,27.4873322,0
              -82.4221235,27.4862492,0
              -82.4171775,27.4855822,0
              -82.4063413,27.4853892,0
              -82.4031222,27.4843242,0
              -82.4005372,27.4824962,0
              -82.3975222,27.4781562,0
              -82.3938102,27.4767092,0
              -82.3021849,27.475681,0
              -82.3003719,27.475881,0
              -82.2943588,27.477637,0
              -82.2925078,27.477985,0
              -82.2742465,27.477623,0
              -82.2722296,27.476481,0
              -82.2698685,27.475339,0
              -82.2036506,27.4746159,0
              -82.2008626,27.4740009,0
              -82.1773473,27.4618859,0
              -82.1726092,27.4608689,0
              -82.083798,27.4612828,0
              -82.08219,27.4617938,0
              -82.0681338,27.4710627,0
              -82.0660288,27.4717027,0
              -82.0555996,27.4716137,0
              -82.0507506,27.4742277,0
              -82.0384323,27.4859037,0
              -82.0367144,27.4866387,0
              -82.0303992,27.4866087,0
              -82.014897,27.4891337,0
              -82.01306,27.4888887,0
              -82.009034,27.4866247,0
              -81.9555482,27.4859976,0
              -81.937539,27.4870676,0
              -81.935762,27.4867256,0
              -81.9323789,27.4848556,0
              -81.931442,27.4845846,0
              -81.9204488,27.4832996,0
              -81.9147237,27.4832616,0
              -81.9334208,27.5848236,0
              -81.9317908,27.5892366,0
              -81.9316998,27.5958186,0
              -81.9408879,27.5958556,0
              -81.9386118,27.6162756,0
              -81.9443659,27.6473086,0
              -82.0488962,27.6491297,0
            </coordinates>
        </LinearRing>
      </outerBoundaryIs>
    </Polygon>
  </Placemark>
</kml>",#4750a5,0Hh4W000000oZZ7SAM
Sarasota - South,"<?xml version=""1.0"" encoding=""utf-8""?>
<kml xmlns=""http://www.opengis.net/kml/2.2"">
  <Style id=""myPolygonStyle"">
    <LineStyle>
      <width>1</width>
    </LineStyle>
    <PolyStyle>
      <color>#ffffff</color>
    </PolyStyle>
  </Style>
  <Placemark>
    <name>myPolygon</name>
    <styleUrl>#myPolygonStyle</styleUrl>
    <Polygon>
      <outerBoundaryIs>
        <LinearRing>
          <tessellate>1</tessellate>
          <coordinates>
              -82.2071806,27.4725182,0
              -82.2733976,27.4732443,0
              -82.2757585,27.4743864,0
              -82.2777754,27.4755285,0
              -82.2960364,27.4758923,0
              -82.2978874,27.4755444,0
              -82.3039005,27.4737887,0
              -82.3057135,27.4735888,0
              -82.30168,27.4653256,0
              -82.3030577,27.3860947,0
              -82.4476806,27.3876644,0
              -82.4438201,27.3611022,0
              -82.4472563,27.3077304,0
              -82.5475062,27.309871,0
              -82.5619253,27.3074297,0
              -82.5770281,27.3622524,0
              -82.6292544,27.3903788,0
              -82.6532872,27.3763559,0
              -82.5832137,27.2659347,0
              -82.5584957,27.2494535,0
              -82.5461371,27.2427389,0
              -82.5111156,27.2677633,0
              -82.4191056,27.2677591,0
              -82.2230749,27.195706,0
              -82.1753542,27.1914286,0
              -81.9186973,27.1892337,0
              -81.9089178,27.1992343,0
              -81.9052375,27.2045011,0
              -81.8990365,27.2045008,0
              -81.8990347,27.2175558,0
              -81.8878753,27.2242733,0
              -81.8693212,27.4813324,0
              -81.9182592,27.4811507,0
              -81.9239842,27.481189,0
              -81.9349771,27.4824745,0
              -81.9359131,27.4827455,0
              -81.939297,27.4846157,0
              -81.9410729,27.4849578,0
              -81.959083,27.4838886,0
              -82.012567,27.4845181,0
              -82.0165918,27.4867823,0
              -82.0184298,27.4870274,0
              -82.0339319,27.4845031,0
              -82.0402459,27.4845334,0
              -82.041964,27.4837984,0
              -82.0542827,27.472123,0
              -82.0591318,27.4695092,0
              -82.0695608,27.4695987,0
              -82.0716649,27.4689588,0
              -82.0857214,27.4596905,0
              -82.0873304,27.4591796,0
              -82.1761404,27.4587697,0
              -82.1808784,27.4597869,0
              -82.2043927,27.4719031,0
              -82.2071806,27.4725182,0
            </coordinates>
        </LinearRing>
      </outerBoundaryIs>
    </Polygon>
  </Placemark>
</kml>",#876ccc,0Hh4W000000oZZ7SAM
South Venice,"<?xml version=""1.0"" encoding=""utf-8""?>
<kml xmlns=""http://www.opengis.net/kml/2.2"">
  <Style id=""myPolygonStyle"">
    <LineStyle>
      <width>1</width>
    </LineStyle>
    <PolyStyle>
      <color>#ffffff</color>
    </PolyStyle>
  </Style>
  <Placemark>
    <name>myPolygon</name>
    <styleUrl>#myPolygonStyle</styleUrl>
    <Polygon>
      <outerBoundaryIs>
        <LinearRing>
          <tessellate>1</tessellate>
          <coordinates>
              -82.223056,27.195709,0
              -82.419091,27.267753,0
              -82.511101,27.267752,0
              -82.54612,27.242726,0
              -82.46647,27.07747,0
              -82.437974,27.034359,0
              -82.407444,26.964119,0
              -82.384441,26.974982,0
              -82.293779,26.997044,0
              -82.27215,27.01815,0
              -82.250521,27.032524,0
              -82.060665,27.03069,0
              -81.767838,27.029891,0
              -81.795094,27.069035,0
              -81.794244,27.097413,0
              -81.826492,27.106233,0
              -81.867474,27.106469,0
              -81.91318,27.120901,0
              -81.921977,27.121588,0
              -81.926655,27.148247,0
              -81.925423,27.168659,0
              -81.931922,27.168386,0
              -81.931853,27.178607,0
              -81.930918,27.179174,0
              -81.9256,27.179076,0
              -81.922429,27.181116,0
              -81.922153,27.182142,0
              -81.921429,27.18259,0
              -81.91938,27.182648,0
              -81.918544,27.183604,0
              -81.918677,27.189251,0
              -82.175334,27.191434,0
              -82.223056,27.195709,0
            </coordinates>
        </LinearRing>
      </outerBoundaryIs>
    </Polygon>
  </Placemark>
</kml>",#be19d1,0Hh4W000000oZZ7SAM
St. PeteÂ ,"<?xml version=""1.0"" encoding=""utf-8""?>
<kml xmlns=""http://www.opengis.net/kml/2.2"">
  <Style id=""myPolygonStyle"">
    <LineStyle>
      <width>1</width>
    </LineStyle>
    <PolyStyle>
      <color>#ffffff</color>
    </PolyStyle>
  </Style>
  <Placemark>
    <name>myPolygon</name>
    <styleUrl>#myPolygonStyle</styleUrl>
    <Polygon>
      <outerBoundaryIs>
        <LinearRing>
          <tessellate>1</tessellate>
          <coordinates>
              -82.6762309,27.6157064,0
              -82.6618118,27.6199653,0
              -82.6484224,27.6357818,0
              -82.6381232,27.6406478,0
              -82.6353768,27.6972032,0
              -82.6230178,27.7160482,0
              -82.6175237,27.7418792,0
              -82.6237036,27.7531212,0
              -82.6188978,27.7576782,0
              -82.6164948,27.7643622,0
              -82.6233606,27.7689192,0
              -82.6168378,27.7850182,0
              -82.6089406,27.7862332,0
              -82.6003578,27.7938262,0
              -82.5890285,27.7932181,0
              -82.5821627,27.8068843,0
              -82.581476,27.8235858,0
              -82.5904003,27.8594079,0
              -82.5960648,27.8645678,0
              -82.6068797,27.8688165,0
              -82.6136154,27.8784895,0
              -82.6234425,27.888162,0
              -82.6362339,27.906899,0
              -82.6475628,27.9107685,0
              -82.6671324,27.9125124,0
              -82.6807347,27.9205141,0
              -82.6915927,27.932155,0
              -82.7038681,27.9260115,0
              -82.7069577,27.9279835,0
              -82.7095323,27.9282871,0
              -82.7110597,27.9300049,0
              -82.7122436,27.9314193,0
              -82.7152984,27.9333379,0
              -82.7200351,27.9368717,0
              -82.731883,27.9329318,0
              -82.7442422,27.9286853,0
              -82.7734239,27.9267164,0
              -82.7945357,27.9261045,0
              -82.8135909,27.9229214,0
              -82.8232028,27.9189754,0
              -82.8267308,27.9135881,0
              -82.8295839,27.9077775,0
              -82.8327802,27.9016636,0
              -82.8358929,27.8938869,0
              -82.8481466,27.8853932,0
              -82.8525243,27.8767075,0
              -82.84823,27.8490842,0
              -82.8302088,27.8190315,0
              -82.8149319,27.8002035,0
              -82.7723603,27.7531214,0
              -82.7606874,27.7376254,0
              -82.7452386,27.7233423,0
              -82.7407748,27.7038903,0
              -82.7431788,27.6801793,0
              -82.7421485,27.6473394,0
              -82.7375175,27.6384816,0
              -82.7310814,27.6304035,0
              -82.7443421,27.6214981,0
              -82.7432657,27.6084579,0
              -82.7167431,27.605059,0
              -82.7030105,27.605363,0
              -82.6762309,27.6157064,0
            </coordinates>
        </LinearRing>
      </outerBoundaryIs>
    </Polygon>
  </Placemark>
</kml>",#4dccb4,0Hh4W000000oZZ7SAM
Tampa - East,"<?xml version=""1.0"" encoding=""utf-8""?>
<kml xmlns=""http://www.opengis.net/kml/2.2"">
  <Style id=""myPolygonStyle"">
    <LineStyle>
      <width>1</width>
    </LineStyle>
    <PolyStyle>
      <color>#ffffff</color>
    </PolyStyle>
  </Style>
  <Placemark>
    <name>myPolygon</name>
    <styleUrl>#myPolygonStyle</styleUrl>
    <Polygon>
      <outerBoundaryIs>
        <LinearRing>
          <tessellate>1</tessellate>
          <coordinates>
              -82.3426411,28.0335639,0
              -82.3251321,28.0141669,0
              -82.3237581,27.9974959,0
              -82.3234151,27.9814279,0
              -82.3810932,27.9820339,0
              -82.3898482,27.9746059,0
              -82.3986893,27.9679349,0
              -82.3987103,27.9502329,0
              -82.4005713,27.9502859,0
              -82.4030893,27.9508529,0
              -82.4107753,27.9541689,0
              -82.4133113,27.9547749,0
              -82.4164433,27.9548539,0
              -82.4194243,27.9540619,0
              -82.4275973,27.9520219,0
              -82.4297854,27.9524029,0
              -82.4317374,27.9534659,0
              -82.4352124,27.9555349,0
              -82.4383794,27.9558919,0
              -82.4423184,27.9555859,0
              -82.4446834,27.9547069,0
              -82.4461144,27.9537049,0
              -82.4461234,27.9526519,0
              -82.4397154,27.9525259,0
              -82.4398454,27.9457209,0
              -82.4404394,27.9432859,0
              -82.4433414,27.9360919,0
              -82.4441884,27.9265179,0
              -82.4458084,27.9236159,0
              -82.4391154,27.9119749,0
              -82.4343084,27.9016599,0
              -82.4325924,27.8960459,0
              -82.4118213,27.8916469,0
              -82.4075293,27.8588699,0
              -82.4001483,27.8527989,0
              -82.3884752,27.8561379,0
              -82.3800632,27.8605389,0
              -82.3759442,27.8579589,0
              -82.3646142,27.8579589,0
              -82.3498511,27.8571999,0
              -82.3440141,27.8575039,0
              -82.3459031,27.8934669,0
              -82.3283931,27.9277499,0
              -82.3268481,27.9420059,0
              -82.31569,27.9380629,0
              -82.2698566,27.9398833,0
              -82.1838536,27.9374559,0
              -82.1840256,28.0473509,0
              -82.26814,28.0526538,0
              -82.2715729,28.0481089,0
              -82.2804996,28.05023,0
              -82.288053,28.0526539,0
              -82.303502,28.0523503,0
              -82.317235,28.0514419,0
              -82.327878,28.0500791,0
              -82.3519107,28.049927,0
              -82.3472751,28.0388659,0
              -82.3426411,28.0335639,0
            </coordinates>
        </LinearRing>
      </outerBoundaryIs>
    </Polygon>
  </Placemark>
</kml>",#80f291,0Hh4W000000oZZ7SAM
Tampa - North,"<?xml version=""1.0"" encoding=""utf-8""?>
<kml xmlns=""http://www.opengis.net/kml/2.2"">
  <Style id=""myPolygonStyle"">
    <LineStyle>
      <width>1</width>
    </LineStyle>
    <PolyStyle>
      <color>#ffffff</color>
    </PolyStyle>
  </Style>
  <Placemark>
    <name>myPolygon</name>
    <styleUrl>#myPolygonStyle</styleUrl>
    <Polygon/>
  </Placemark>
</kml>",#fcbfd4,0Hh4W000000oZZ7SAM
Tampa - Northeast,"<?xml version=""1.0"" encoding=""utf-8""?>
<kml xmlns=""http://www.opengis.net/kml/2.2"">
  <Style id=""myPolygonStyle"">
    <LineStyle>
      <width>1</width>
    </LineStyle>
    <PolyStyle>
      <color>#ffffff</color>
    </PolyStyle>
  </Style>
  <Placemark>
    <name>myPolygon</name>
    <styleUrl>#myPolygonStyle</styleUrl>
    <Polygon>
      <outerBoundaryIs>
        <LinearRing>
          <tessellate>1</tessellate>
          <coordinates>
              -82.4523779,28.0558047,0
              -82.4524859,28.0340637,0
              -82.4533549,28.0264137,0
              -82.4515628,28.0118697,0
              -82.4506718,28.0088797,0
              -82.4506398,28.0045267,0
              -82.4512408,27.9973757,0
              -82.4510908,27.9899797,0
              -82.4514118,27.9826587,0
              -82.4509618,27.9682127,0
              -82.4503398,27.9663887,0
              -82.4487728,27.9664267,0
              -82.4488108,27.9545757,0
              -82.4466618,27.9534927,0
              -82.4466528,27.9545457,0
              -82.4452218,27.9555477,0
              -82.4428567,27.9564267,0
              -82.4389177,27.9567327,0
              -82.4357507,27.9563757,0
              -82.4322756,27.9543067,0
              -82.4303236,27.9532437,0
              -82.4281356,27.9528627,0
              -82.4169815,27.9556947,0
              -82.4138494,27.9556157,0
              -82.4113134,27.9550097,0
              -82.4036273,27.9516937,0
              -82.4011093,27.9511267,0
              -82.3992483,27.9510737,0
              -82.3992273,27.9687757,0
              -82.3816311,27.9828747,0
              -82.3239524,27.9822687,0
              -82.3242954,27.9983367,0
              -82.3256694,28.0150077,0
              -82.3478127,28.0397077,0
              -82.3517617,28.0550097,0
              -82.4237315,28.0556707,0
              -82.4523779,28.0558047,0
            </coordinates>
        </LinearRing>
      </outerBoundaryIs>
    </Polygon>
  </Placemark>
</kml>",#06536d,0Hh4W000000oZZ7SAM
Tampa - South,"<?xml version=""1.0"" encoding=""utf-8""?>
<kml xmlns=""http://www.opengis.net/kml/2.2"">
  <Style id=""myPolygonStyle"">
    <LineStyle>
      <width>1</width>
    </LineStyle>
    <PolyStyle>
      <color>#ffffff</color>
    </PolyStyle>
  </Style>
  <Placemark>
    <name>myPolygon</name>
    <styleUrl>#myPolygonStyle</styleUrl>
    <Polygon>
      <outerBoundaryIs>
        <LinearRing>
          <tessellate>1</tessellate>
          <coordinates>
              -82.5421292,27.9429143,0
              -82.5400692,27.9068163,0
              -82.5493392,27.8691883,0
              -82.5551753,27.8497613,0
              -82.5383522,27.8367083,0
              -82.5156931,27.8251703,0
              -82.4710607,27.8178833,0
              -82.4655677,27.8194013,0
              -82.4617907,27.8467263,0
              -82.4758667,27.8567433,0
              -82.4830768,27.8682773,0
              -82.4758667,27.8773823,0
              -82.4727767,27.8877003,0
              -82.4779267,27.8940723,0
              -82.4738067,27.9008233,0
              -82.4641087,27.9056783,0
              -82.4590446,27.9071193,0
              -82.4459968,27.9080301,0
              -82.4453098,27.9059062,0
              -82.4422907,27.9117856,0
              -82.4489837,27.9234266,0
              -82.4570156,27.9402814,0
              -82.4554166,27.9460623,0
              -82.4605547,27.9506303,0
              -82.4613227,27.9525733,0
              -82.4611907,27.9544173,0
              -82.4607067,27.9573853,0
              -82.4643657,27.9570173,0
              -82.4725627,27.9569423,0
              -82.4865958,27.9571703,0
              -82.4979469,27.9570943,0
              -82.500887,27.9565633,0
              -82.50505,27.9544393,0
              -82.510886,27.9514063,0
              -82.5191261,27.9520133,0
              -82.5421292,27.9429143,0
            </coordinates>
        </LinearRing>
      </outerBoundaryIs>
    </Polygon>
  </Placemark>
</kml>",#1cfffb,0Hh4W000000oZZ7SAM
Tampa - West,"<?xml version=""1.0"" encoding=""utf-8""?>
<kml xmlns=""http://www.opengis.net/kml/2.2"">
  <Style id=""myPolygonStyle"">
    <LineStyle>
      <width>1</width>
    </LineStyle>
    <PolyStyle>
      <color>#ffffff</color>
    </PolyStyle>
  </Style>
  <Placemark>
    <name>myPolygon</name>
    <styleUrl>#myPolygonStyle</styleUrl>
    <Polygon/>
  </Placemark>
</kml>",#c0ff44,0Hh4W000000oZZ7SAM
Ft. Pierce - North/Okeechobee,"<?xml version=""1.0"" encoding=""utf-8""?>
<kml xmlns=""http://www.opengis.net/kml/2.2"">
  <Style id=""myPolygonStyle"">
    <LineStyle>
      <width>1</width>
    </LineStyle>
    <PolyStyle>
      <color>#ffffff</color>
    </PolyStyle>
  </Style>
  <Placemark>
    <name>myPolygon</name>
    <styleUrl>#myPolygonStyle</styleUrl>
    <Polygon>
      <outerBoundaryIs>
        <LinearRing>
          <tessellate>1</tessellate>
          <coordinates>
              -80.3135571,27.6172414,0
              -80.3851411,27.7977844,0
              -80.432005,27.8608574,0
              -80.446597,27.8571794,0
              -80.459471,27.8472194,0
              -80.475091,27.8501564,0
              -80.517319,27.9386064,0
              -80.6211709,27.9373904,0
              -80.7203888,27.9363274,0
              -80.8408918,27.9213124,0
              -80.9859657,27.8730984,0
              -81.0418376,27.8733894,0
              -81.0525836,27.8788434,0
              -81.0584736,27.8831634,0
              -81.0683736,27.8878244,0
              -81.0881856,27.8961984,0
              -81.0997606,27.9028984,0
              -81.1157166,27.9168804,0
              -81.1315916,27.9406444,0
              -81.1389296,27.9492464,0
              -81.1480716,27.9576284,0
              -81.1751085,27.9911294,0
              -81.1981165,27.9459634,0
              -81.2032635,27.9395414,0
              -81.2144095,27.9336714,0
              -81.2212505,27.9329994,0
              -81.2260035,27.9349924,0
              -81.2533615,27.9574624,0
              -81.2535405,27.9431064,0
              -81.2782685,27.9332004,0
              -81.2401875,27.8875164,0
              -81.2059115,27.8258094,0
              -81.2000185,27.8020634,0
              -81.1296056,27.6514374,0
              -81.1570696,27.5729504,0
              -81.2065055,27.5285104,0
              -81.1982705,27.4983584,0
              -81.1673715,27.4605894,0
              -81.1385326,27.4349964,0
              -81.1371596,27.4221984,0
              -81.1206796,27.4045214,0
              -81.0300436,27.3537624,0
              -81.0321036,27.3293644,0
              -81.0073847,27.2988604,0
              -80.9931777,27.2561774,0
              -80.9851977,27.2357364,0
              -81.0756216,27.2353094,0
              -81.0910256,27.2252344,0
              -81.0904136,27.1445994,0
              -81.0944266,27.1367784,0
              -81.0898496,27.1248354,0
              -81.0886086,27.1218834,0
              -81.1031156,27.1218404,0
              -81.1045006,27.1178534,0
              -81.1057766,27.1137374,0
              -81.1074556,27.1117904,0
              -81.1067006,27.1011974,0
              -81.1063136,27.0759924,0
              -81.1077346,27.0755524,0
              -81.1100386,27.0729914,0
              -81.1094406,27.0701444,0
              -81.1057316,27.0667044,0
              -81.1029236,27.0577604,0
              -81.1027186,27.0531014,0
              -81.1014146,27.0460334,0
              -81.1067706,27.0093174,0
              -81.1106656,27.0007054,0
              -81.1152726,26.9952754,0
              -81.1241016,26.9815474,0
              -81.1242006,26.9743594,0
              -81.1114366,26.9738244,0
              -81.1034776,26.9780314,0
              -81.0836116,26.9798654,0
              -81.0601996,26.9673994,0
              -81.0523046,26.9687024,0
              -81.0329066,26.9759324,0
              -81.0025217,26.9761194,0
              -80.9894757,26.9859114,0
              -80.9493267,26.9871774,0
              -80.8119968,27.1021514,0
              -80.7129479,27.1362994,0
              -80.6933229,27.1481944,0
              -80.6788989,27.1621074,0
              -80.7625588,27.5545484,0
              -80.6447989,27.5599504,0
              -80.4131181,27.5825554,0
              -80.3183631,27.5819494,0
              -80.3135571,27.6172414,0
            </coordinates>
        </LinearRing>
      </outerBoundaryIs>
    </Polygon>
  </Placemark>
</kml>",#5fbbce,0Hh4W000000oZZ7SAM
Tampa - New,"<?xml version=""1.0"" encoding=""utf-8""?>
<kml xmlns=""http://www.opengis.net/kml/2.2"">
  <Style id=""myPolygonStyle"">
    <LineStyle>
      <width>1</width>
    </LineStyle>
    <PolyStyle>
      <color>#ffffff</color>
    </PolyStyle>
  </Style>
  <Placemark>
    <name>myPolygon</name>
    <styleUrl>#myPolygonStyle</styleUrl>
    <Polygon>
      <outerBoundaryIs>
        <LinearRing>
          <tessellate>1</tessellate>
          <coordinates>
              -82.4277224,28.1863431,0
              -82.4280244,28.0559724,0
              -82.1896461,28.0485244,0
              -82.1919039,28.2296088,0
              -82.2285382,28.2301946,0
              -82.2590277,28.2203257,0
              -82.2886674,28.2113997,0
              -82.3234379,28.2008705,0
              -82.3369991,28.1938649,0
              -82.3490138,28.1870103,0
              -82.3603671,28.1881896,0
              -82.3725772,28.188159,0
              -82.3846366,28.1877942,0
              -82.4032604,28.1876675,0
              -82.4277224,28.1863431,0
            </coordinates>
        </LinearRing>
      </outerBoundaryIs>
    </Polygon>
  </Placemark>
</kml>",#ffc1bc,0Hh4W000000oZZ7SAM
